Datetime,Water Level (m)
2025-03-10 12:00:00,-0.100089826
2025-03-10 13:00:00,-0.10029306
2025-03-10 14:00:00,-0.14017572
2025-03-10 15:00:00,-0.19639274
2025-03-10 16:00:00,-0.25675943
2025-03-10 17:00:00,-0.31289408
2025-03-10 18:00:00,-0.34112245
2025-03-10 19:00:00,-0.33143792
2025-03-10 20:00:00,-0.28233993
2025-03-10 21:00:00,-0.1931528
2025-03-10 22:00:00,-0.09214155
2025-03-10 23:00:00,0.0072598145
2025-03-11 00:00:00,0.07224574
2025-03-11 01:00:00,0.08887062
2025-03-11 02:00:00,0.04833124
2025-03-11 03:00:00,-0.019243883
2025-03-11 04:00:00,-0.09599634
2025-03-11 05:00:00,-0.17395006
2025-03-11 06:00:00,-0.24676695
2025-03-11 07:00:00,-0.29889566
2025-03-11 08:00:00,-0.31416225
2025-03-11 09:00:00,-0.28904787
2025-03-11 10:00:00,-0.21444595
2025-03-11 11:00:00,-0.12988861
2025-03-11 12:00:00,-0.054829583
2025-03-11 13:00:00,-0.013982549
2025-03-11 14:00:00,-0.0211642
2025-03-11 15:00:00,-0.071828775
2025-03-11 16:00:00,-0.1381709
2025-03-11 17:00:00,-0.20873538
2025-03-11 18:00:00,-0.27219453
2025-03-11 19:00:00,-0.30306193
2025-03-11 20:00:00,-0.2931646
2025-03-11 21:00:00,-0.23575698
2025-03-11 22:00:00,-0.13496244
2025-03-11 23:00:00,-0.022336602
2025-03-12 00:00:00,0.07748677
2025-03-12 01:00:00,0.13283662
2025-03-12 02:00:00,0.13447446
2025-03-12 03:00:00,0.082100496
2025-03-12 04:00:00,0.00646754
2025-03-12 05:00:00,-0.07546779
2025-03-12 06:00:00,-0.15615982
2025-03-12 07:00:00,-0.22804786
2025-03-12 08:00:00,-0.26781324
2025-03-12 09:00:00,-0.26077324
2025-03-12 10:00:00,-0.19946043
2025-03-12 11:00:00,-0.098280676
2025-03-12 12:00:00,0.0057459646
2025-03-12 13:00:00,0.08347815
2025-03-12 14:00:00,0.11498959
2025-03-12 15:00:00,0.08494424
2025-03-12 16:00:00,0.017511083
2025-03-12 17:00:00,-0.059619535
2025-03-12 18:00:00,-0.13797085
2025-03-12 19:00:00,-0.19983493
2025-03-12 20:00:00,-0.217154
2025-03-12 21:00:00,-0.18740936
2025-03-12 22:00:00,-0.095983796
2025-03-12 23:00:00,0.02161921
2025-03-13 00:00:00,0.14249255
2025-03-13 01:00:00,0.23146506
2025-03-13 02:00:00,0.26824206
2025-03-13 03:00:00,0.24167982
2025-03-13 04:00:00,0.17158228
2025-03-13 05:00:00,0.08679345
2025-03-13 06:00:00,-0.0029172131
2025-03-13 07:00:00,-0.08621486
2025-03-13 08:00:00,-0.14303032
2025-03-13 09:00:00,-0.14739718
2025-03-13 10:00:00,-0.10146232
2025-03-13 11:00:00,0.0017951484
2025-03-13 12:00:00,0.121543124
2025-03-13 13:00:00,0.21457784
2025-03-13 14:00:00,0.26384875
2025-03-13 15:00:00,0.25374463
2025-03-13 16:00:00,0.19288325
2025-03-13 17:00:00,0.11028315
2025-03-13 18:00:00,0.023724852
2025-03-13 19:00:00,-0.059169527
2025-03-13 20:00:00,-0.11267648
2025-03-13 21:00:00,-0.1108126
2025-03-13 22:00:00,-0.05215599
2025-03-13 23:00:00,0.06465804
2025-03-14 00:00:00,0.19359662
2025-03-14 01:00:00,0.30334535
2025-03-14 02:00:00,0.36844817
2025-03-14 03:00:00,0.37095797
2025-03-14 04:00:00,0.3166265
2025-03-14 05:00:00,0.23017903
2025-03-14 06:00:00,0.14000985
2025-03-14 07:00:00,0.04899774
2025-03-14 08:00:00,-0.028571064
2025-03-14 09:00:00,-0.06087107
2025-03-14 10:00:00,-0.037414033
2025-03-14 11:00:00,0.049001954
2025-03-14 12:00:00,0.17244503
2025-03-14 13:00:00,0.2813977
2025-03-14 14:00:00,0.35262322
2025-03-14 15:00:00,0.36829326
2025-03-14 16:00:00,0.3235937
2025-03-14 17:00:00,0.2424983
2025-03-14 18:00:00,0.15225011
2025-03-14 19:00:00,0.06407906
2025-03-14 20:00:00,-0.013192046
2025-03-14 21:00:00,-0.045598865
2025-03-14 22:00:00,-0.02173485
2025-03-14 23:00:00,0.06894814
2025-03-15 00:00:00,0.19573307
2025-03-15 01:00:00,0.31382728
2025-03-15 02:00:00,0.39707583
2025-03-15 03:00:00,0.4228983
2025-03-15 04:00:00,0.3847501
2025-03-15 05:00:00,0.30497795
2025-03-15 06:00:00,0.21267092
2025-03-15 07:00:00,0.12340672
2025-03-15 08:00:00,0.03533201
2025-03-15 09:00:00,-0.023265814
2025-03-15 10:00:00,-0.025802603
2025-03-15 11:00:00,0.031196991
2025-03-15 12:00:00,0.1516054
2025-03-15 13:00:00,0.27169085
2025-03-15 14:00:00,0.36460552
2025-03-15 15:00:00,0.40672714
2025-03-15 16:00:00,0.38401866
2025-03-15 17:00:00,0.31238592
2025-03-15 18:00:00,0.22207876
2025-03-15 19:00:00,0.13205832
2025-03-15 20:00:00,0.045275554
2025-03-15 21:00:00,-0.0152604785
2025-03-15 22:00:00,-0.020383235
2025-03-15 23:00:00,0.03404881
2025-03-16 00:00:00,0.15394127
2025-03-16 01:00:00,0.27597582
2025-03-16 02:00:00,0.37492222
2025-03-16 03:00:00,0.42250004
2025-03-16 04:00:00,0.40456048
2025-03-16 05:00:00,0.335852
2025-03-16 06:00:00,0.24602027
2025-03-16 07:00:00,0.15555863
2025-03-16 08:00:00,0.06556831
2025-03-16 09:00:00,-0.008428521
2025-03-16 10:00:00,-0.035900623
2025-03-16 11:00:00,-0.0058077867
2025-03-16 12:00:00,0.09148502
